;15頭装飾
15礼服頭花黒,15ヘッドドレス.png,0,0,300,300
15礼服頭花白,15ヘッドドレス.png,300,0,300,300

15护士帽,15ナースキャップ.png,0,0,300,300
15护士帽桃色,15ナースキャップ.png,0,0,300,300
15护士帽水色,15ナースキャップ.png,300,0,300,300
15护士帽白,15ナースキャップ.png,600,0,300,300
15护士帽黒,15ナースキャップ.png,900,0,300,300

15髮箍赤,15カチューシャ.png,0,0,300,300

15頭上蝴蝶結黄,15頭上リボン.png,0,0,300,300
15頭上蝴蝶結黒,15頭上リボン.png,300,0,300,300
15頭上蝴蝶結青,15頭上リボン.png,600,0,300,300
15頭上蝴蝶結赤,15頭上リボン.png,900,0,300,300
15頭上蝴蝶結白,15頭上リボン.png,1200,0,300,300

15兔耳黒,15うさ耳.png,0,0,300,300
15兔耳紫,15うさ耳.png,300,0,300,300
15兔耳青,15うさ耳.png,600,0,300,300
15兔耳赤,15うさ耳.png,900,0,300,300
15兔耳白,15うさ耳.png,1200,0,300,300

15猫耳白,15ネコ耳.png,0,0,300,300
15猫耳黒,15ネコ耳.png,300,0,300,300
15猫耳茶色,15ネコ耳.png,600,0,300,300

15頭上太阳鏡,15頭上サングラス.png,0,0,300,300

15花飾り,15花飾り.png,0,0,300,300
15女仆帽,15メイドキャップ.png,0,0,300,300
15頭冠,15ティアラ.png,0,0,300,300
15頭纱,15ウェディングベール.png,0,0,300,300
15修女帽,15シスターベール.png,0,0,300,300
15白と金の薄紗,15白と金の薄紗.png,0,0,300,300
15南瓜頭,15カボチャヘッド.png,0,0,300,300
15牛耳,15ウシ耳.png,0,0,300,300
