;13服
;-------------------------------------------------
;コスチューム系
;-------------------------------------------------
13婚纱礼服,13ウェディングドレス.png,0,0,300,300

13聖誕服赤,13サンタ服.png,0,0,300,300

13啦啦队制服,13チアユニフォーム.png,0,0,300,300

13旗袍黒,13チャイナドレス.png,0,0,300,300
13旗袍青,13チャイナドレス.png,300,0,300,300
13旗袍赤,13チャイナドレス.png,600,0,300,300
13旗袍緑色,13チャイナドレス.png,900,0,300,300
13旗袍白,13チャイナドレス.png,900,0,300,300
13開胸旗袍黒,13チャイナドレス.png,0,300,300,300
13開胸旗袍青,13チャイナドレス.png,300,300,300,300
13開胸旗袍赤,13チャイナドレス.png,600,300,300,300
13開胸旗袍緑色,13チャイナドレス.png,900,300,300,300
13開胸旗袍白,13チャイナドレス.png,1200,300,300,300

13护士服,13ナース服.png,0,0,300,300

13兔女郎制服黒,13バニースーツ.png,0,0,300,300
13兔女郎制服紫,13バニースーツ.png,300,0,300,300
13兔女郎制服青,13バニースーツ.png,600,0,300,300
13兔女郎制服赤,13バニースーツ.png,900,0,300,300
13兔女郎制服白,13バニースーツ.png,1200,0,300,300

13女仆装黒,13メイド服.png,0,0,300,300
13女仆装青,13メイド服.png,300,0,300,300
13女仆装赤,13メイド服.png,600,0,300,300
13女仆装緑色,13メイド服.png,900,0,300,300
;13女仆装紺,13メイド服.png,1200,0,300,300
13女仆装桃色,13メイド服.png,0,300,300,300
13女仆装水色,13メイド服.png,300,300,300,300

13逆兔女郎套装,13逆バニー.png,0,0,300,300

13執事服灰色,13執事服.png,0,0,300,300
13執事服黒,13執事服.png,300,0,300,300
13執事服緑色,13執事服.png,600,0,300,300

13修道服,13修道服.png,0,0,300,300

13蝶形領帯黒,13蝶ネクタイ.png,0,0,300,300
13蝶形領帯紫,13蝶ネクタイ.png,300,0,300,300
13蝶形領帯青,13蝶ネクタイ.png,600,0,300,300
13蝶形領帯赤,13蝶ネクタイ.png,900,0,300,300
13蝶形領帯白,13蝶ネクタイ.png,1200,0,300,300

13巫女服,13巫女服.png,0,0,300,300
