;表記順は飘忽→半目→左右
11普通眼左,11目１左.png,0,0,300,300
11吊眼左,11目１左.png,300,0,300,300
11垂眼左,11目１左.png,600,0,300,300
11斜眼左,11目１左.png,900,0,300,300
11水灵眼左,11目１左.png,1200,0,300,300
11縦長目左,11目１左.png,1500,0,300,300
11三白眼左,11目１左.png,1800,0,300,300
11重度三白眼左,11目１左.png,1800,0,300,300
11普通眼飘忽左,11目１左.png,0,300,300,300
11吊眼飘忽左,11目１左.png,300,300,300,300
11垂眼飘忽左,11目１左.png,600,300,300,300
11斜眼飘忽左,11目１左.png,900,300,300,300
11水灵眼飘忽左,11目１左.png,1200,300,300,300
11縦長目飘忽左,11目１左.png,1500,300,300,300
11三白眼飘忽左,11目１左.png,1800,300,300,300
11重度三白眼飘忽左,11目１左.png,1800,300,300,300
11普通眼半目左,11目１左.png,0,0,300,300
11吊眼半目左,11目１左.png,300,0,300,300
11垂眼半目左,11目１左.png,600,0,300,300
11斜眼半目左,11目１左.png,900,0,300,300
11水灵眼半目左,11目１左.png,1200,600,300,300
11縦長目半目左,11目１左.png,1500,0,300,300
11三白眼半目左,11目１左.png,1800,0,300,300
11重度三白眼半目左,11目１左.png,1800,0,300,300
11普通眼飘忽半目左,11目１左.png,0,300,300,300
11吊眼飘忽半目左,11目１左.png,300,300,300,300
11垂眼飘忽半目左,11目１左.png,600,300,300,300
11斜眼飘忽半目左,11目１左.png,900,300,300,300
11水灵眼飘忽半目左,11目１左.png,1200,900,300,300
11縦長目飘忽半目左,11目１左.png,1500,300,300,300
11三白眼飘忽半目左,11目１左.png,1800,300,300,300
11重度三白眼飘忽半目左,11目１左.png,1800,300,300,300


11普通眼右,11目１右.png,0,0,300,300
11吊眼右,11目１右.png,300,0,300,300
11垂眼右,11目１右.png,600,0,300,300
11斜眼右,11目１右.png,900,0,300,300
11水灵眼右,11目１右.png,1200,0,300,300
11縦長目右,11目１右.png,1500,0,300,300
11三白眼右,11目１右.png,1800,0,300,300
11重度三白眼右,11目１右.png,1800,0,300,300
11普通眼飘忽右,11目１右.png,0,300,300,300
11吊眼飘忽右,11目１右.png,300,300,300,300
11垂眼飘忽右,11目１右.png,600,300,300,300
11斜眼飘忽右,11目１右.png,900,300,300,300
11水灵眼飘忽右,11目１右.png,1200,300,300,300
11縦長目飘忽右,11目１右.png,1500,300,300,300
11三白眼飘忽右,11目１右.png,1800,300,300,300
11重度三白眼飘忽右,11目１右.png,1800,300,300,300
11普通眼半目右,11目１右.png,0,0,300,300
11吊眼半目右,11目１右.png,300,0,300,300
11垂眼半目右,11目１右.png,600,0,300,300
11斜眼半目右,11目１右.png,900,0,300,300
11水灵眼半目右,11目１右.png,1200,600,300,300
11縦長目半目右,11目１右.png,1500,0,300,300
11三白眼半目右,11目１右.png,1800,0,300,300
11重度三白眼半目右,11目１右.png,1800,0,300,300
11普通眼飘忽半目右,11目１右.png,0,300,300,300
11吊眼飘忽半目右,11目１右.png,300,300,300,300
11垂眼飘忽半目右,11目１右.png,600,300,300,300
11斜眼飘忽半目右,11目１右.png,900,300,300,300
11水灵眼飘忽半目右,11目１右.png,1200,900,300,300
11縦長目飘忽半目右,11目１右.png,1500,300,300,300
11三白眼飘忽半目右,11目１右.png,1800,300,300,300
11重度三白眼飘忽半目右,11目１右.png,1800,300,300,300

11普通眼２左,11目２左.png,0,0,300,300
11吊眼２左,11目２左.png,300,0,300,300
11垂眼２左,11目２左.png,600,0,300,300
11斜眼２左,11目２左.png,900,0,300,300
11普通眼２飘忽左,11目２左.png,0,300,300,300
11吊眼２飘忽左,11目２左.png,300,300,300,300
11垂眼２飘忽左,11目２左.png,600,300,300,300
11斜眼２飘忽左,11目２左.png,900,300,300,300
11普通眼２半目左,11目２左.png,0,600,300,300
11吊眼２半目左,11目２左.png,300,600,300,300
11垂眼２半目左,11目２左.png,600,600,300,300
11斜眼２半目左,11目２左.png,900,0,300,300
11普通眼２飘忽半目左,11目２左.png,0,900,300,300
11吊眼２飘忽半目左,11目２左.png,300,900,300,300
11垂眼２飘忽半目左,11目２左.png,600,900,300,300
11斜眼２飘忽半目左,11目２左.png,900,300,300,300

11普通眼２右,11目２右.png,0,0,300,300
11吊眼２右,11目２右.png,300,0,300,300
11垂眼２右,11目２右.png,600,0,300,300
11斜眼２右,11目２右.png,900,0,300,300
11普通眼２飘忽右,11目２右.png,0,300,300,300
11吊眼２飘忽右,11目２右.png,300,300,300,300
11垂眼２飘忽右,11目２右.png,600,300,300,300
11斜眼２飘忽右,11目２右.png,900,300,300,300
11普通眼２半目右,11目２右.png,0,600,300,300
11吊眼２半目右,11目２右.png,300,600,300,300
11垂眼２半目右,11目２右.png,600,600,300,300
11斜眼２半目右,11目２右.png,900,0,300,300
11普通眼２飘忽半目右,11目２右.png,0,900,300,300
11吊眼２飘忽半目右,11目２右.png,300,900,300,300
11垂眼２飘忽半目右,11目２右.png,600,900,300,300
11斜眼２飘忽半目右,11目２右.png,900,300,300,300

11普通眼３左,11目３左.png,0,0,300,300
11吊眼３左,11目３左.png,300,0,300,300
11垂眼３左,11目３左.png,600,0,300,300
11斜眼３左,11目３左.png,900,0,300,300
11普通眼３飘忽左,11目３左.png,0,300,300,300
11吊眼３飘忽左,11目３左.png,300,300,300,300
11垂眼３飘忽左,11目３左.png,600,300,300,300
11斜眼３飘忽左,11目３左.png,900,300,300,300
11普通眼３半目左,11目３左.png,0,600,300,300
11吊眼３半目左,11目３左.png,300,600,300,300
11垂眼３半目左,11目３左.png,600,600,300,300
11斜眼３半目左,11目３左.png,900,0,300,300
11普通眼３飘忽半目左,11目３左.png,0,900,300,300
11吊眼３飘忽半目左,11目３左.png,300,900,300,300
11垂眼３飘忽半目左,11目３左.png,600,900,300,300
11斜眼３飘忽半目左,11目３左.png,900,300,300,300

11普通眼３右,11目３右.png,0,0,300,300
11吊眼３右,11目３右.png,300,0,300,300
11垂眼３右,11目３右.png,600,0,300,300
11斜眼３右,11目３右.png,900,0,300,300
11普通眼３飘忽右,11目３右.png,0,300,300,300
11吊眼３飘忽右,11目３右.png,300,300,300,300
11垂眼３飘忽右,11目３右.png,600,300,300,300
11斜眼３飘忽右,11目３右.png,900,300,300,300
11普通眼３半目右,11目３右.png,0,600,300,300
11吊眼３半目右,11目３右.png,300,600,300,300
11垂眼３半目右,11目３右.png,600,600,300,300
11斜眼３半目右,11目３右.png,900,0,300,300
11普通眼３飘忽半目右,11目３右.png,0,900,300,300
11吊眼３飘忽半目右,11目３右.png,300,900,300,300
11垂眼３飘忽半目右,11目３右.png,600,900,300,300
11斜眼３飘忽半目右,11目３右.png,900,300,300,300

11普通眼４左,11目４左.png,0,0,300,300
11吊眼４左,11目４左.png,300,0,300,300
11垂眼４左,11目４左.png,600,0,300,300
11斜眼４左,11目４左.png,900,0,300,300
11普通眼４飘忽左,11目４左.png,0,300,300,300
11吊眼４飘忽左,11目４左.png,300,300,300,300
11垂眼４飘忽左,11目４左.png,600,300,300,300
11斜眼４飘忽左,11目４左.png,900,300,300,300
11普通眼４半目左,11目４左.png,0,600,300,300
11吊眼４半目左,11目４左.png,300,600,300,300
11垂眼４半目左,11目４左.png,600,600,300,300
11斜眼４半目左,11目４左.png,900,0,300,300
11普通眼４飘忽半目左,11目４左.png,0,900,300,300
11吊眼４飘忽半目左,11目４左.png,300,900,300,300
11垂眼４飘忽半目左,11目４左.png,600,900,300,300
11斜眼４飘忽半目左,11目４左.png,900,300,300,300

11普通眼４右,11目４右.png,0,0,300,300
11吊眼４右,11目４右.png,300,0,300,300
11垂眼４右,11目４右.png,600,0,300,300
11斜眼４右,11目４右.png,900,0,300,300
11普通眼４飘忽右,11目４右.png,0,300,300,300
11吊眼４飘忽右,11目４右.png,300,300,300,300
11垂眼４飘忽右,11目４右.png,600,300,300,300
11斜眼４飘忽右,11目４右.png,900,300,300,300
11普通眼４半目右,11目４右.png,0,600,300,300
11吊眼４半目右,11目４右.png,300,600,300,300
11垂眼４半目右,11目４右.png,600,600,300,300
11斜眼４半目右,11目４右.png,900,0,300,300
11普通眼４飘忽半目右,11目４右.png,0,900,300,300
11吊眼４飘忽半目右,11目４右.png,300,900,300,300
11垂眼４飘忽半目右,11目４右.png,600,900,300,300
11斜眼４飘忽半目右,11目４右.png,900,300,300,300

11単眼普通眼右,11単眼.png,0,0,300,300
11単眼普通眼飘忽右,11単眼.png,300,0,300,300
11単眼普通眼半目右,11単眼.png,600,0,300,300
11単眼普通眼飘忽半目右,11単眼.png,900,0,300,300

11単眼斜眼右,11単眼.png,600,0,300,300
11単眼斜眼飘忽右,11単眼.png,900,0,300,300
11単眼斜眼半目右,11単眼.png,600,0,300,300
11単眼斜眼飘忽半目右,11単眼.png,900,0,300,300
