Jr_Job_HappyFace,Jr_Job_HappyFace.png
Jr_Casual01_HappyFace,Jr_Casual01_HappyFace.png
Jr_Casual01_AngerFaceS,Jr_Casual01_AngerFaceS.png
Jr_Casual02_HappyFace,Jr_Casual02_HappyFace.png
Jr_Casual02_AskFaceS,Jr_Casual02_AskFaceS.png
Jr_Casual02_ThinkFaceS,Jr_Casual02_ThinkFaceS.png
Jr_Casual02_ResignedFace,Jr_Casual02_ResignedFace.png
Jr_Casual02_ResignedFaceS,Jr_Casual02_ResignedFaceS.png
Jr_Casual02_HappyFaceS,Jr_Casual02_HappyFaceS.png
Jr_Casual02_NormalFace2,Jr_Casual02_NormalFace2.png
Jr_Casual02_NormalFaceS2,Jr_Casual02_NormalFaceS2.png
Jr_Casual01_HappyFaceS,Jr_Casual01_HappyFaceS.png
Jr_Casual01_ResignedFaceS,Jr_Casual01_ResignedFaceS.png
Jr_Casual01_NormalFaceS,Jr_Casual01_NormalFaceS.png
Jr_Casual02_ResignedFaceS2,Jr_Casual02_ResignedFaceS2.png
Jr_Job_HappyFaceS,Jr_Job_HappyFaceS.png
Jr_Job_ResignedFaceS,Jr_Job_ResignedFaceS.png
Jr_Casual01_CryFaceS,Jr_Casual01_CryFaceS.png
Jr_Pajamas_NormalFace1S,Jr_Pajamas_NormalFace1S.png
Jr_Pajamas_NormalFace2S,Jr_Pajamas_NormalFace2S.png
Jr_Casual02_AngerFaceS,Jr_Casual02_AngerFaceS.png
Jr_Casual01_NormalFaceS2,Jr_Casual01_NormalFaceS2.png
Jr_Casual01_RefuseFaceS,Jr_Casual01_RefuseFaceS.png
Jr_Shower_AngerFaceS,Jr_Shower_AngerFaceS.png
Jr_Shower_ResignedFaceS,Jr_Shower_ResignedFaceS.png
Jr_Shower_HappyFaceS,Jr_Shower_HappyFaceS.png
