;------------------------------------------------------------
;160 麟
;立绘
;------------------------------------------------------------

;衣装
立絵_服_通常_160,160.webp,0,0,180,180
立絵_服_笑顔_160,160.webp,180,0,180,180
立絵_服_憤怒_160,160.webp,360,0,180,180
;裸体
立絵_裸_通常_160,160.webp,0,180,180,180
立絵_裸_笑顔_160,160.webp,180,180,180,180
立絵_裸_憤怒_160,160.webp,360,180,180,180

;------------------------------------------------------------
;颜绘
;------------------------------------------------------------

;衣装
顔絵_服_通常_160,160_Face.webp,0,0,180,180
顔絵_服_笑顔_160,160_Face.webp,180,0,180,180
顔絵_服_憤怒_160,160_Face.webp,360,0,180,180
;裸体
顔絵_裸_通常_160,160_Face.webp,0,180,180,180
顔絵_裸_笑顔_160,160_Face.webp,180,180,180,180
顔絵_裸_憤怒_160,160_Face.webp,360,180,180,180
;效果
顔絵_照れ_160,160_Face.webp,540,0,180,180