;BEGIN TRAINと各エロシーン突入前に初期化
;0～19は各種絶頂
0,Ｃ絶頂
1,Ｖ絶頂, ;子宮由来の絶頂も含む
2,Ａ絶頂
3,Ｂ絶頂
4,Ｍ絶頂
5,尿道絶頂
6,絶頂
7,射精
8,噴乳
9,放尿
10,絶頂漏尿
11,排泄
12,精液絶頂
13,排泄量
14,前列腺高潮射精
15,嘔吐
17,連続絶頂
18,同時絶頂
19,絶頂数合計


;20～39は各種絶頂の寸止め
20,Ｃ绝顶前骤停
21,Ｖ绝顶前骤停
22,Ａ绝顶前骤停
23,Ｂ绝顶前骤停
24,Ｍ绝顶前骤停
25,尿道绝顶前骤停

27,射精前骤停
28,噴乳前骤停
29,放尿前骤停

31,排泄前骤停
32,嘔吐寸止め

37,濃厚射精
38,绝顶忍耐
39,骤停数合計


;40～は特殊なイベントのカウントなど
40,処女喪失
41,Ｖ中出し
42,Ａ中出し
43,口内射精
44,乳内射精
45,尿道内射精
46,絶対搾精量
47,主人への絶対射精量
48,吸能
49,Luxurious
50,暴発
51,Ｖ中出し量
52,Ａ中出し量
53,口内射精量
54,乳内射精量
55,尿道内射精量
56,射精回数,				;今回射精した回数の合計
57,生射精回数,				;今回避孕套没有で射精した回数の合計
58,射精量,				;単位はml
59,Ａ処女喪失,

