;角色阴蒂の際の設定目安としては(１度だけ, =1), (何度か, 2～5), (けっこうな回数, 6～20), (ベテラン, 21～50), (その道のプロ, 51～100)ぐらいが良いでしょう
0,Ｖ経験
1,Ａ経験
2,絶頂経験,			;角色阴蒂での設定は非推奨です
3,射精経験,			;角色阴蒂での設定は非推奨です
4,助手経験,			;角色阴蒂での設定は非推奨です
5,経験値,			;角色阴蒂での設定は非推奨です
6,强制绝顶回数,			;角色阴蒂での設定は非推奨です
7,Ｈ回数,			;角色阴蒂での設定は非推奨です
8,子宮口経験
9,约会経験,			;角色阴蒂での設定は非推奨です
10,自慰経験
11,処女簒奪経験
12,Ｖ性交経験
13,Ａ性交経験
14,童貞狩猎経験
15,Ｖ挿入経験
16,Ａ挿入経験
17,膣内精液経験
18,肛内精液経験
19,精飲経験
20,精液経験
21,奉仕快楽経験,		;角色阴蒂での設定は非推奨です
22,口交経験
23,手淫経験
24,足交経験
25,腰靈活経験
26,乳交経験
27,玩弄Ａ経験
28,舐陰経験
29,尿道責め経験
30,被虐快楽経験,		;角色阴蒂での設定は非推奨です
31,放尿経験
32,嗜虐快楽経験,		;角色阴蒂での設定は非推奨です
33,漏尿経験
34,露出経験,			;角色阴蒂での設定は非推奨です
35,浣腸経験
36,羞恥快楽経験,		;角色阴蒂での設定は非推奨です
37,剃毛経験
38,尿道経験
39,足舐め経験
40,百合経験
41,ＢＬ経験
42,ＳＭ経験
43,聖水経験
44,飲尿経験
45,Ｂ性交経験
46,Ｂ挿入経験
47,乳内精液経験
48,膣内浴尿経験
49,温泉浣腸経験
50,特別経験,			;角色阴蒂での設定は非推奨です
51,拘束経験
52,Ａ舐め経験
53,Ｖ拡張経験
54,噴乳経験
55,触手経験
56,穿環経験,			;角色阴蒂での設定は非推奨です
57,Ａ拡張経験
58,媚薬経験
59,撮影経験
60,Ｖ損傷経験
61,Ａ損傷経験
62,奉承経験,			;角色阴蒂での設定は非推奨です
63,避孕套性交経験
64,避孕套挿入経験
65,結腸経験
66,Ｖ拳交経験
67,Ａ拳交経験
68,子宮姦経験
69,子宮浴尿経験
70,接吻経験
71,舔指経験
72,吸精経験,			;角色阴蒂での設定は非推奨です
73,授乳経験,			;角色阴蒂での設定は非推奨です
74,飲乳経験,			;角色阴蒂での設定は非推奨です
75,乳内浴尿経験
76,喉性交経験
77,尿道拡張経験
78,尿道性交経験
79,尿道挿入経験
80,膀胱精液経験
81,輸尿経験
82,清洁口交経験
83,清洁舔阴経験
84,清洁舔A経験
85,性処理経験,			;角色阴蒂での設定は非推奨です
86,睡眠姦経験,			;睡眠時に挿入行為をされると+1
87,睡眠悪戯経験,		;睡眠時に挿入行為でない性的悪戯をされると+1
88,孕ませ経験,
89,ＡＶ出演経験,
90,鼻孔精液経験,
91,前列腺高潮射精経験,
92,股コキ経験,
93,情人旅館經驗,			;情人旅館に行くたびに+1されます
94,強制口交嘔吐經驗,
95,腹部变形経験,
96,拘束強制絶頂経験,		;拘束中に絶頂させられた経験です
97,拘束強制射精経験,		;拘束中に射精させられた経験です
