;12耳
12人类耳,12人間耳.png,0,0,300,300
12人类耳左,12人間耳左.png,0,0,300,300

12精灵耳,12エルフ耳.png,0,0,300,300
12精灵耳左,12エルフ耳左.png,0,0,300,300

12魔族耳,12魔族耳.png,0,0,300,300
12魔族耳左,12魔族耳左.png,0,0,300,300

12人鱼耳,12ヒレ耳.png,0,0,300,300
12人鱼耳槞,12ヒレ耳.png,300,0,300,300

12動物耳,12動物耳.png,0,0,300,300
12動物耳槞,12動物耳.png,300,0,300,300
12動物耳内耳,12動物耳内耳.png,0,0,300,300

12動物耳２,12動物耳２.png,0,0,300,300
12動物耳２槞,12動物耳２.png,300,0,300,300
12動物耳２内耳,12動物耳２内耳.png,0,0,300,300

12動物耳３,12動物耳３.png,0,0,300,300
12動物耳３槞,12動物耳３.png,300,0,300,300
12動物耳３内耳,12動物耳３内耳.png,0,0,300,300

12動物耳４,12動物耳４.png,0,0,300,300
12動物耳４槞,12動物耳４.png,300,0,300,300
12動物耳４内耳,12動物耳４内耳.png,0,0,300,300

12動物耳５,12動物耳５.png,0,0,300,300
12動物耳５槞,12動物耳５.png,300,0,300,300
12動物耳５内耳,12動物耳５内耳.png,0,0,300,300

12動物耳６,12動物耳６.png,0,0,300,300
12動物耳６槞,12動物耳６.png,300,0,300,300
12動物耳６内耳,12動物耳６内耳.png,0,0,300,300

12頭戴式耳机,12ヘッドホン.png,0,0,300,300
12机器耳,12ロボ耳.png,0,0,300,300


;イヤリング
12イヤリング人类耳,12イヤリング.png,0,0,300,300
12イヤリング精灵耳,12イヤリング.png,300,0,300,300
12イヤリング魔族耳,12イヤリング.png,600,0,300,300

12イヤーカフ人类耳,12イヤーカフ.png,0,0,300,300
12イヤーカフ精灵耳,12イヤーカフ.png,300,0,300,300
12イヤーカフ魔族耳,12イヤーカフ.png,600,0,300,300

12イヤーカフ左人类耳,12イヤーカフ左.png,0,0,300,300
12イヤーカフ左精灵耳,12イヤーカフ左.png,300,0,300,300
12イヤーカフ左魔族耳,12イヤーカフ左.png,600,0,300,300
