97TGXZ1,97TGXZ1.png
97TGXZ2,97TGXZ2.png
97TGXZ3,97TGXZ3.png
97SQXZ1,97SQXZ1.png
97SQXZ2,97SQXZ2.png
97拔你头发,97拔你头发.jpg
97headpetting1,97headpetting1.png
97fingering1,97fingering1.png
97fingering2,97fingering2.png
97breast1,97breast1.png
97butt1,97butt1.png
97anal1,97anal1.png
97NI53-1,97NI53-1.png
97NI51-1,97NI51-1.png
97NI50-1,97NI50-1.png
97NI54-1,97NI54-1.png
97NI70-1,97NI70-1.png
97NI72-1,97NI72-1.png
97NI77-1,97NI77-1.png
97NI85-1,97NI85-1.png
97NI88-1,97NI88-1.png
97NI87-1,97NI87-1.png
97NI89-1,97NI89-1.png
97NIPPLE (1),97NIPPLE (1).png
97NIPPLE (2),97NIPPLE (2).png
97NIPPLE (3),97NIPPLE (3).png
97NI52-1,97NI52-1.png
97KISS1,97KISS1.png
97KISS2,97KISS2.png
97KISS3,97KISS3.png
97BA1-1,97BA1-1.png
97BA1-2,97BA1-2.png
97BA1-3,97BA1-3.png
97BA1-4,97BA1-4.png
97BA2-1,97BA2-1.png
97BA2-2,97BA2-2.png
97BA2-3,97BA2-3.png
97BA2-4,97BA2-4.png
97BA2-5,97BA2-5.png
97BA3-1,97BA3-1.png
97BA3-2,97BA3-2.png
97BA3-3,97BA3-3.png
97BA3-4,97BA3-4.png
97BA3-5,97BA3-5.png
97BA3-6,97BA3-6.png
97BA3-7,97BA3-7.png
97BA3-8,97BA3-8.png
97BA3-9,97BA3-9.png
97SOX1,97SOX1.png
97SOX4,97SOX4.png
97SOX7,97SOX7.png
97SOX10,97SOX10.png
97SOX13,97SOX13.png
97SOX16,97SOX16.png
97SOX19,97SOX19.png
97SOX22,97SOX22.png
97SOX28,97SOX28.png
97SOX31,97SOX31.png
97SOX34,97SOX34.png
