番号,5,
名前,六華,
呼び名,六華,
CSTR,ふりがな,りっか,

基礎,体力,1500

素質,萝莉老太婆,
素質,外見年齢,1
素質,娇小,2,
素質,貧乳,
素質,吸精体質,1
素質,坦率,
素質,温柔,
素質,害羞,
素質,高贵,
素質,好奇心,
素質,献身
素質,汚臭無視,
素質,气味弱点,
素質,天性の舌靈活,
素質,肤色,2,		;色白

能力,欲望,2
能力,技巧,2
能力,奉仕精神,5
能力,Ｃ感覚,1
能力,Ｖ感覚,1
能力,Ａ感覚,1
能力,Ｂ感覚,1
能力,Ｍ感覚,2
能力,受虐属性,1
能力,舌靈活,1

経験,Ｖ経験,20
経験,絶頂経験,15
経験,自慰経験,5
経験,Ｖ性交経験,20
経験,童貞狩猎経験,3
経験,膣内精液経験,20
経験,精飲経験,30
経験,奉仕快楽経験,10
経験,口交経験,30
経験,嗜虐快楽経験,5
経験,吸精経験,20

CSTR,称号,白蛇の式神
CSTR,種族,拉米亚_式神,
CSTR,学年,初等部
CSTR,建议,金運招来
CSTR,陰毛的喜好,保养完毕

CSTR,喜欢的颜色,Ｈ的颜色
CSTR,関係,式神

CSTR,喜欢的胖次,前貼/條紋胖次/褶边の胖次/低腰胖次/
CSTR,喜欢的胸罩,无胸罩/无胸罩/无胸罩/裹胸布/吊帯衫/褶边の胸罩/條紋胸罩/

;初期から好感度高め
CFLAG,好感度,1000

CSTR,髪色,銀髪,
CSTR,髪長,巻髪,
CSTR,前髪,齐刘海,
CSTR,後髪,直髪,
CSTR,改髪,侧盘頭,
CSTR,呆毛,无呆毛,
CSTR,蝴蝶結,无蝴蝶結,
CSTR,挑染,挑染无,
CSTR,瞳色,赤,
CSTR,眼形,三白眼,
CSTR,白眼,白眼,
CSTR,眉形,麻呂眉,
CSTR,嘴形,微笑,
