;20装飾②
20眼鏡黒,20眼鏡.png,0,0,300,300
20眼鏡青,20眼鏡.png,300,0,300,300
20眼鏡赤,20眼鏡.png,600,0,300,300

20专家眼鏡黒,20ブロー眼鏡.png,0,0,300,300
20专家眼鏡青,20ブロー眼鏡.png,300,0,300,300
20专家眼鏡赤,20ブロー眼鏡.png,600,0,300,300

20黑框眼鏡黒,20フルリム眼鏡.png,0,0,300,300
20黑框眼鏡青,20フルリム眼鏡.png,300,0,300,300
20黑框眼鏡赤,20フルリム眼鏡.png,600,0,300,300

20金丝眼鏡黒,20フィンチ眼鏡.png,0,0,300,300
20金丝眼鏡青,20フィンチ眼鏡.png,300,0,300,300
20金丝眼鏡赤,20フィンチ眼鏡.png,600,0,300,300

20玳瑁眼鏡黒,20ロイド眼鏡.png,0,0,300,300
20玳瑁眼鏡青,20ロイド眼鏡.png,300,0,300,300
20玳瑁眼鏡赤,20ロイド眼鏡.png,600,0,300,300

20瓶底眼鏡,20瓶底眼鏡.png,0,0,300,300
20圈圈眼鏡,20瓶底眼鏡.png,300,0,300,300
20瓶底胡须眼鏡,20瓶底眼鏡.png,600,0,300,300
20圈圈胡须眼鏡,20瓶底眼鏡.png,900,0,300,300

20太阳鏡,20サングラス.png,0,0,300,300

20眼罩黒,20目隠し.png,0,0,300,300
20眼罩白,20目隠し.png,300,0,300,300

20围巾橙色,20マフラー.png,0,0,300,300
20围巾緑色,20マフラー.png,300,0,300,300
20围巾紫,20マフラー.png,600,0,300,300
20围巾赤,20マフラー.png,900,0,300,300
20围巾黄色,20マフラー.png,1200,0,300,300
20围巾青,20マフラー.png,0,300,300,300
20围巾白,20マフラー.png,300,300,300,300
20围巾藤の花,20マフラー.png,600,300,300,300

20围巾Ｂ橙色,20マフラーＢ.png,0,0,300,300
20围巾Ｂ緑色,20マフラーＢ.png,300,0,300,300
20围巾Ｂ紫,20マフラーＢ.png,600,0,300,300
20围巾Ｂ赤,20マフラーＢ.png,900,0,300,300
20围巾Ｂ黄色,20マフラーＢ.png,1200,0,300,300
20围巾Ｂ青,20マフラーＢ.png,0,300,300,300
20围巾Ｂ白,20マフラーＢ.png,300,300,300,300
20围巾Ｂ藤の花,20マフラーＢ.png,600,300,300,300

20围巾Ｃ橙色,20マフラーＣ.png,0,0,300,300
20围巾Ｃ緑色,20マフラーＣ.png,300,0,300,300
20围巾Ｃ紫,20マフラーＣ.png,600,0,300,300
20围巾Ｃ赤,20マフラーＣ.png,900,0,300,300
20围巾Ｃ黄色,20マフラーＣ.png,1200,0,300,300
20围巾Ｃ青,20マフラーＣ.png,0,300,300,300
20围巾Ｃ白,20マフラーＣ.png,300,300,300,300
20围巾Ｃ藤の花,20マフラーＣ.png,600,300,300,300

20黒色颈環,20黒いチョーカー.png,0,0,300,300

20铃铛项圈黒,20鈴付き首輪.png,0,0,300,300
20铃铛项圈茶色,20鈴付き首輪.png,300,0,300,300
20铃铛项圈赤,20鈴付き首輪.png,600,0,300,300

20项圈赤,20首輪.png,0,0,300,300
20项圈黒,20首輪.png,300,0,300,300
20项圈青,20首輪.png,600,0,300,300

20牛铃赤,20カウベル.png,0,0,300,300
20牛铃青,20カウベル.png,300,0,300,300
20牛铃緑色,20カウベル.png,600,0,300,300
20牛铃紫,20カウベル.png,900,0,300,300
20牛铃茶色,20カウベル.png,0,300,300,300
20牛铃桃色,20カウベル.png,300,300,300,300
20牛铃白,20カウベル.png,600,300,300,300
20牛铃黒,20カウベル.png,900,300,300,300

20口罩白,20マスク.png,0,0,300,300
20口罩黒,20マスク.png,300,0,300,300
20顎口罩白,20マスク.png,0,300,300,300
20顎口罩黒,20マスク.png,300,300,300,300

20藤の髪飾,20藤の髪飾り.png,0,0,300,300
20橘子の发卡,20みかんのヘアピン.png,0,0,300,300

20スート髪飾スペード,20スート髪飾り.png,0,0,300,300
20スート髪飾爱心,20スート髪飾り.png,300,0,300,300
20スート髪飾クラブ,20スート髪飾り.png,600,0,300,300
20スート髪飾ダイヤ,20スート髪飾り.png,900,0,300,300
