;淫紋
CIP腹普通普通,腹肌色.png,0,0,150,150
CIP腹普通苗条,腹肌色.png,150,0,150,150
CIP腹普通筋肉,腹肌色.png,300,0,150,150
CIP腹普通豐腴,腹肌色.png,450,0,150,150

CIP腹褐色肌普通,腹褐色.png,0,0,150,150
CIP腹褐色肌苗条,腹褐色.png,150,0,150,150
CIP腹褐色肌筋肉,腹褐色.png,300,0,150,150
CIP腹褐色肌豐腴,腹褐色.png,450,0,150,150

CIP腹色白普通,腹色白.png,0,0,150,150
CIP腹色白苗条,腹色白.png,150,0,150,150
CIP腹色白筋肉,腹色白.png,300,0,150,150
CIP腹色白豐腴,腹色白.png,450,0,150,150

CIP腹青肌普通,腹青肌.png,0,0,150,150
CIP腹青肌苗条,腹青肌.png,150,0,150,150
CIP腹青肌筋肉,腹青肌.png,300,0,150,150
CIP腹青肌豐腴,腹青肌.png,450,0,150,150

CIP腹色黒普通,腹色黒.png,0,0,150,150
CIP腹色黒苗条,腹色黒.png,150,0,150,150
CIP腹色黒筋肉,腹色黒.png,300,0,150,150
CIP腹色黒豐腴,腹色黒.png,450,0,150,150


CIP腹晒痕普通,腹日焼け.png,0,0,150,150
CIP腹晒痕苗条,腹日焼け.png,150,0,150,150
CIP腹晒痕筋肉,腹日焼け.png,300,0,150,150
CIP腹晒痕豐腴,腹日焼け.png,450,0,150,150

CIP腹晒痕死库水普通,腹日焼け.png,600,0,150,150
CIP腹晒痕死库水苗条,腹日焼け.png,750,0,150,150
CIP腹晒痕死库水筋肉,腹日焼け.png,900,0,150,150
CIP腹晒痕死库水豐腴,腹日焼け.png,1050,0,150,150

CIP腹晒痕新死库水普通,腹日焼け.png,1200,0,150,150
CIP腹晒痕新死库水苗条,腹日焼け.png,1350,0,150,150
CIP腹晒痕新死库水筋肉,腹日焼け.png,1500,0,150,150
CIP腹晒痕新死库水豐腴,腹日焼け.png,1650,0,150,150


CIP腹晒痕競泳泳装普通,腹日焼け.png,0,150,150,150
CIP腹晒痕競泳泳装苗条,腹日焼け.png,150,150,150,150
CIP腹晒痕競泳泳装筋肉,腹日焼け.png,300,150,150,150
CIP腹晒痕競泳泳装豐腴,腹日焼け.png,450,150,150,150

CIP腹晒痕高開衩競泳泳装普通,腹日焼け.png,600,150,150,150
CIP腹晒痕高開衩競泳泳装苗条,腹日焼け.png,750,150,150,150
CIP腹晒痕高開衩競泳泳装筋肉,腹日焼け.png,900,150,150,150
CIP腹晒痕高開衩競泳泳装豐腴,腹日焼け.png,1050,150,150,150

CIP腹晒痕海胖次普通,腹日焼け.png,1200,150,150,150
CIP腹晒痕海胖次苗条,腹日焼け.png,1350,150,150,150
CIP腹晒痕海胖次筋肉,腹日焼け.png,1500,150,150,150
CIP腹晒痕海胖次豐腴,腹日焼け.png,1650,150,150,150
CIP腹晒痕衝浪胖次普通,腹日焼け.png,1200,150,150,150
CIP腹晒痕衝浪胖次苗条,腹日焼け.png,1350,150,150,150
CIP腹晒痕衝浪胖次筋肉,腹日焼け.png,1500,150,150,150
CIP腹晒痕衝浪胖次豐腴,腹日焼け.png,1650,150,150,150

CIP腹晒痕男式比基尼普通,腹日焼け.png,0,300,150,150
CIP腹晒痕男式比基尼苗条,腹日焼け.png,150,300,150,150
CIP腹晒痕男式比基尼筋肉,腹日焼け.png,300,300,150,150
CIP腹晒痕男式比基尼豐腴,腹日焼け.png,450,300,150,150
CIP腹晒痕比基尼普通,腹日焼け.png,0,300,150,150
CIP腹晒痕比基尼苗条,腹日焼け.png,150,300,150,150
CIP腹晒痕比基尼筋肉,腹日焼け.png,300,300,150,150
CIP腹晒痕比基尼豐腴,腹日焼け.png,450,300,150,150

CIP腹晒痕丁字褲普通,腹日焼け.png,600,300,150,150
CIP腹晒痕丁字褲苗条,腹日焼け.png,750,300,150,150
CIP腹晒痕丁字褲筋肉,腹日焼け.png,900,300,150,150
CIP腹晒痕丁字褲豐腴,腹日焼け.png,1050,300,150,150

CIP腹晒痕Micro普通,腹日焼け.png,1200,300,150,150
CIP腹晒痕Micro苗条,腹日焼け.png,1350,300,150,150
CIP腹晒痕Micro筋肉,腹日焼け.png,1500,300,150,150
CIP腹晒痕Micro豐腴,腹日焼け.png,1650,300,150,150
CIP腹晒痕Micro比基尼普通,腹日焼け.png,1200,300,150,150
CIP腹晒痕Micro比基尼苗条,腹日焼け.png,1350,300,150,150
CIP腹晒痕Micro比基尼筋肉,腹日焼け.png,1500,300,150,150
CIP腹晒痕Micro比基尼豐腴,腹日焼け.png,1650,300,150,150

CIP腹晒痕淚珠泳衣普通,腹日焼け.png,0,450,150,150
CIP腹晒痕淚珠泳衣苗条,腹日焼け.png,150,450,150,150
CIP腹晒痕淚珠泳衣筋肉,腹日焼け.png,300,450,150,150
CIP腹晒痕淚珠泳衣豐腴,腹日焼け.png,450,450,150,150


CIP肚脐环H型,へそピアス.png,0,0,150,150
CIP肚脐环棒型,へそピアス.png,150,0,150,150
CIP肚脐环十字架型,へそピアス.png,300,0,150,150
CIP肚脐环♂型,へそピアス.png,450,0,150,150
CIP肚脐环♀型,へそピアス.png,600,0,150,150
CIP肚脐环心型,へそピアス.png,0,150,150,150

CIP恥丘穿環,恥丘ピアス.png,0,0,150,150
CIP恥丘穿環銀色,恥丘ピアス.png,0,0,150,150
CIP恥丘穿環金色,恥丘ピアス.png,150,0,150,150
CIP恥丘穿環赤,恥丘ピアス.png,300,0,150,150
CIP恥丘穿環緑,恥丘ピアス.png,0,150,150,150
CIP恥丘穿環紫,恥丘ピアス.png,150,150,150,150
CIP恥丘穿環青,恥丘ピアス.png,300,150,150,150


;外見年齢１
CIP腹陰毛剃过留痕１,CIP腹陰毛１.png,0,0,150,150
CIP腹陰毛还没長出来１,CIP腹陰毛１.png,150,0,150,150

;外見年齢２
CIP腹陰毛剃过留痕２,CIP腹陰毛２.png,0,0,150,150
CIP腹陰毛还没長出来２,CIP腹陰毛２.png,150,0,150,150
;指定无保养完毕は小三角
CIP腹陰毛保养完毕２,CIP腹陰毛２.png,0,150,150,150
CIP腹陰毛小三角形２,CIP腹陰毛２.png,0,150,150,150
CIP腹陰毛心型２,CIP腹陰毛２.png,150,150,150,150
CIP腹陰毛長方形２,CIP腹陰毛２.png,300,150,150,150
CIP腹陰毛自然２,CIP腹陰毛２.png,0,300,150,150
CIP腹陰毛随意生長２,CIP腹陰毛２.png,150,300,150,150

;外見年齢３～
CIP腹陰毛剃过留痕,CIP腹陰毛.png,0,0,150,150
CIP腹陰毛还没長出来,CIP腹陰毛.png,150,0,150,150
CIP腹陰毛無髭,CIP腹陰毛.png,300,0,150,150
CIP腹陰毛保养完毕,CIP腹陰毛.png,0,150,150,150
CIP腹陰毛小三角形,CIP腹陰毛.png,150,150,150,150
CIP腹陰毛逆三角形,CIP腹陰毛.png,300,150,150,150
CIP腹陰毛卵型,CIP腹陰毛.png,0,300,150,150
CIP腹陰毛四角形,CIP腹陰毛.png,150,300,150,150
CIP腹陰毛長方形,CIP腹陰毛.png,300,300,150,150
CIP腹陰毛心型,CIP腹陰毛.png,0,450,150,150
CIP腹陰毛自然,CIP腹陰毛.png,150,450,150,150
CIP腹陰毛随意生長,CIP腹陰毛.png,300,450,150,150


CIP淫紋羽化粉紅1,淫紋羽化1.png,0,0,150,150
CIP淫紋羽化粉紅2,淫紋羽化1.png,150,0,150,150
CIP淫紋羽化粉紅3,淫紋羽化1.png,300,0,150,150
CIP淫紋羽化粉紅4,淫紋羽化1.png,450,0,150,150
CIP淫紋羽化粉紅おめでた,淫紋羽化1.png,600,0,150,150
CIP淫紋羽化黒1,淫紋羽化黒1.png,0,0,150,150
CIP淫紋羽化黒2,淫紋羽化黒1.png,150,0,150,150
CIP淫紋羽化黒3,淫紋羽化黒1.png,300,0,150,150
CIP淫紋羽化黒4,淫紋羽化黒1.png,450,0,150,150
CIP淫紋羽化黒おめでた,淫紋羽化黒1.png,600,0,150,150

CIP淫紋改造粉紅1,淫紋改造1.png,0,0,150,150
CIP淫紋改造粉紅2,淫紋改造1.png,150,0,150,150
CIP淫紋改造粉紅3,淫紋改造1.png,300,0,150,150
CIP淫紋改造粉紅4,淫紋改造1.png,450,0,150,150
CIP淫紋改造粉紅おめでた,淫紋改造1.png,600,0,150,150
CIP淫紋改造黒1,淫紋改造黒1.png,0,0,150,150
CIP淫紋改造黒2,淫紋改造黒1.png,150,0,150,150
CIP淫紋改造黒3,淫紋改造黒1.png,300,0,150,150
CIP淫紋改造黒4,淫紋改造黒1.png,450,0,150,150
CIP淫紋改造黒おめでた,淫紋改造黒1.png,600,0,150,150

CIP淫紋開花粉紅1,淫紋開花1.png,0,0,150,150
CIP淫紋開花粉紅2,淫紋開花1.png,150,0,150,150
CIP淫紋開花粉紅3,淫紋開花1.png,300,0,150,150
CIP淫紋開花粉紅4,淫紋開花1.png,450,0,150,150
CIP淫紋開花粉紅おめでた,淫紋開花1.png,600,0,150,150
CIP淫紋開花黒1,淫紋開花黒1.png,0,0,150,150
CIP淫紋開花黒2,淫紋開花黒1.png,150,0,150,150
CIP淫紋開花黒3,淫紋開花黒1.png,300,0,150,150
CIP淫紋開花黒4,淫紋開花黒1.png,450,0,150,150
CIP淫紋開花黒おめでた,淫紋開花黒1.png,600,0,150,150

CIP淫紋基本粉紅1,淫紋基本1.png,0,0,150,150
CIP淫紋基本粉紅2,淫紋基本1.png,0,0,150,150
CIP淫紋基本粉紅3,淫紋基本1.png,150,0,150,150
CIP淫紋基本粉紅4,淫紋基本1.png,450,0,150,150
CIP淫紋基本粉紅おめでた,淫紋基本1.png,600,0,150,150
CIP淫紋基本黒1,淫紋基本黒1.png,0,0,150,150
CIP淫紋基本黒2,淫紋基本黒1.png,0,0,150,150
CIP淫紋基本黒3,淫紋基本黒1.png,150,0,150,150
CIP淫紋基本黒4,淫紋基本黒1.png,450,0,150,150
CIP淫紋基本黒おめでた,淫紋基本黒1.png,600,0,150,150

CIP淫紋寄生粉紅1,淫紋寄生1.png,0,0,150,150
CIP淫紋寄生粉紅2,淫紋寄生1.png,150,0,150,150
CIP淫紋寄生粉紅3,淫紋寄生1.png,300,0,150,150
CIP淫紋寄生粉紅4,淫紋寄生1.png,450,0,150,150
CIP淫紋寄生粉紅おめでた,淫紋寄生1.png,600,0,150,150
CIP淫紋寄生黒1,淫紋寄生黒1.png,0,0,150,150
CIP淫紋寄生黒2,淫紋寄生黒1.png,150,0,150,150
CIP淫紋寄生黒3,淫紋寄生黒1.png,300,0,150,150
CIP淫紋寄生黒4,淫紋寄生黒1.png,450,0,150,150
CIP淫紋寄生黒おめでた,淫紋寄生黒1.png,600,0,150,150

CIP淫紋浸食粉紅1,淫紋浸食1.png,0,0,150,150
CIP淫紋浸食粉紅2,淫紋浸食1.png,150,0,150,150
CIP淫紋浸食粉紅3,淫紋浸食1.png,300,0,150,150
CIP淫紋浸食粉紅4,淫紋浸食1.png,450,0,150,150
CIP淫紋浸食粉紅おめでた,淫紋浸食1.png,600,0,150,150
CIP淫紋浸食黒1,淫紋浸食黒1.png,0,0,150,150
CIP淫紋浸食黒2,淫紋浸食黒1.png,150,0,150,150
CIP淫紋浸食黒3,淫紋浸食黒1.png,300,0,150,150
CIP淫紋浸食黒4,淫紋浸食黒1.png,450,0,150,150
CIP淫紋浸食黒おめでた,淫紋浸食黒1.png,600,0,150,150

CIP淫紋堕落粉紅1,淫紋堕落1.png,0,0,150,150
CIP淫紋堕落粉紅2,淫紋堕落1.png,150,0,150,150
CIP淫紋堕落粉紅3,淫紋堕落1.png,300,0,150,150
CIP淫紋堕落粉紅4,淫紋堕落1.png,450,0,150,150
CIP淫紋堕落粉紅おめでた,淫紋堕落1.png,600,0,150,150
CIP淫紋堕落黒1,淫紋堕落黒1.png,0,0,150,150
CIP淫紋堕落黒2,淫紋堕落黒1.png,150,0,150,150
CIP淫紋堕落黒3,淫紋堕落黒1.png,300,0,150,150
CIP淫紋堕落黒4,淫紋堕落黒1.png,450,0,150,150
CIP淫紋堕落黒おめでた,淫紋堕落黒1.png,600,0,150,150

CIP淫紋隷属粉紅1,淫紋隷属1.png,0,0,150,150
CIP淫紋隷属粉紅2,淫紋隷属1.png,150,0,150,150
CIP淫紋隷属粉紅3,淫紋隷属1.png,300,0,150,150
CIP淫紋隷属粉紅4,淫紋隷属1.png,450,0,150,150
CIP淫紋隷属粉紅おめでた,淫紋隷属1.png,600,0,150,150
CIP淫紋隷属黒1,淫紋隷属黒1.png,0,0,150,150
CIP淫紋隷属黒2,淫紋隷属黒1.png,150,0,150,150
CIP淫紋隷属黒3,淫紋隷属黒1.png,300,0,150,150
CIP淫紋隷属黒4,淫紋隷属黒1.png,450,0,150,150
CIP淫紋隷属黒おめでた,淫紋隷属黒1.png,600,0,150,150

CIP淫紋封入粉紅1,淫紋封入1.png,0,0,150,150
CIP淫紋封入粉紅2,淫紋封入1.png,150,0,150,150
CIP淫紋封入粉紅3,淫紋封入1.png,300,0,150,150
CIP淫紋封入粉紅4,淫紋封入1.png,450,0,150,150
CIP淫紋封入粉紅おめでた,淫紋封入1.png,600,0,150,150
CIP淫紋封入黒1,淫紋封入黒1.png,0,0,150,150
CIP淫紋封入黒2,淫紋封入黒1.png,150,0,150,150
CIP淫紋封入黒3,淫紋封入黒1.png,300,0,150,150
CIP淫紋封入黒4,淫紋封入黒1.png,450,0,150,150
CIP淫紋封入黒おめでた,淫紋封入黒1.png,600,0,150,150

CIP淫紋聖翼粉紅1,淫紋聖翼1.png,0,0,150,150
CIP淫紋聖翼粉紅2,淫紋聖翼1.png,150,0,150,150
CIP淫紋聖翼粉紅3,淫紋聖翼1.png,300,0,150,150
CIP淫紋聖翼粉紅4,淫紋聖翼1.png,450,0,150,150
CIP淫紋聖翼粉紅おめでた,淫紋聖翼1.png,600,0,150,150
CIP淫紋聖翼黒1,淫紋聖翼黒1.png,0,0,150,150
CIP淫紋聖翼黒2,淫紋聖翼黒1.png,150,0,150,150
CIP淫紋聖翼黒3,淫紋聖翼黒1.png,300,0,150,150
CIP淫紋聖翼黒4,淫紋聖翼黒1.png,450,0,150,150
CIP淫紋聖翼黒おめでた,淫紋聖翼黒1.png,600,0,150,150
