;4後髪

4自然長,4ナチュラルロング.png,0,0,300,300
4自然長槞,4ナチュラルロング.png,300,0,300,300

4直髪長,4ストレートロング.png,0,0,300,300
4直髪長槞,4ストレートロング.png,300,0,300,300

4外八長,4外ハネロング.png,0,0,300,300
4外八長槞,4外ハネロング.png,300,0,300,300

4卷髪長,4ウェーブロング.png,0,0,300,300
4卷髪長槞,4ウェーブロング.png,300,0,300,300

4双辫,4二つ結び.png,0,0,300,300
4双辫槞,4二つ結び.png,300,0,300,300

4直髪長侧盘頭,4ストレートロングサイドシニヨン.png,0,0,300,300
4直髪長侧盘頭槞,4ストレートロングサイドシニヨン.png,300,0,300,300

4卷髪長侧盘頭,4ウェーブロングサイドシニヨン.png,0,0,300,300
4卷髪長侧盘頭槞,4ウェーブロングサイドシニヨン.png,300,0,300,300

4自然長侧盘頭,4ナチュラルロングサイドシニヨン.png,0,0,300,300
4自然長侧盘頭槞,4ナチュラルロングサイドシニヨン.png,300,0,300,300

4外八長侧盘頭,4外ハネロングサイドシニヨン.png,0,0,300,300
4外八長侧盘頭槞,4外ハネロングサイドシニヨン.png,300,0,300,300

4大三股辫,4でか三つ編み.png,0,0,300,300
4大三股辫槞,4でか三つ編み.png,300,0,300,300

4简易扎发,4バレッタ留め.png,0,0,300,300
4简易扎发槞,4バレッタ留め.png,300,0,300,300

4简易扎发バレッタカラー,4バレッタ留めバレッタカラー.png,0,0,300,300

4自然披肩,4ナチュラルセミロング.png,0,0,300,300
4自然披肩槞,4ナチュラルセミロング.png,300,0,300,300

4卷髪披肩,4ウェーブセミロング.png,0,0,300,300
4卷髪披肩槞,4ウェーブセミロング.png,300,0,300,300

4麻花辫長,4おさげロング.png,0,0,300,300
4麻花辫長槞,4おさげロング.png,300,0,300,300

4麻花辫披肩,4おさげセミロング.png,0,0,300,300
4麻花辫披肩槞,4おさげセミロング.png,300,0,300,300


4麻花辫２長,4おさげ２ロング.png,0,0,300,300
4麻花辫２長槞,4おさげ２ロング.png,300,0,300,300
4麻花辫２披肩,4おさげ２セミロング.png,0,0,300,300
4麻花辫２披肩槞,4おさげ２セミロング.png,300,0,300,300
4麻花辫２中等長度,4おさげ２ミディアム.png,0,0,300,300
4麻花辫２中等長度槞,4おさげ２ミディアム.png,300,0,300,300

4麻花辫２長直髪,4おさげ２ロングストレート.png,0,0,300,300
4麻花辫２長直髪槞,4おさげ２ロングストレート.png,300,0,300,300
4麻花辫２披肩直髪,4おさげ２セミロングストレート.png,0,0,300,300
4麻花辫２披肩直髪槞,4おさげ２セミロングストレート.png,300,0,300,300
4麻花辫２中等長度直髪,4おさげ２ミディアムストレート.png,0,0,300,300
4麻花辫２中等長度直髪槞,4おさげ２ミディアムストレート.png,300,0,300,300

4妹妹頭,4おかっぱ.png,0,0,300,300
4妹妹頭槞,4おかっぱ.png,300,0,300,300

4自然中等長度,4ナチュラルミディアム.png,0,0,300,300
4自然中等長度槞,4ナチュラルミディアム.png,300,0,300,300

4直髪中等長度,4ストレートミディアム.png,0,0,300,300
4直髪中等長度槞,4ストレートミディアム.png,300,0,300,300

4外八中等長度,4外ハネミディアム.png,0,0,300,300
4外八中等長度槞,4外ハネミディアム.png,300,0,300,300

4直髪中等長度侧盘頭,4ストレートミディアムサイドシニヨン.png,0,0,300,300
4直髪中等長度侧盘頭槞,4ストレートミディアムサイドシニヨン.png,300,0,300,300

4卷髪中等長度侧盘頭,4ウェーブミディアムサイドシニヨン.png,0,0,300,300
4卷髪中等長度侧盘頭槞,4ウェーブミディアムサイドシニヨン.png,300,0,300,300

4卷髪中等長度,4ウェーブミディアム.png,0,0,300,300
4卷髪中等長度槞,4ウェーブミディアム.png,300,0,300,300

4直髪短,4ストレートショート.png,0,0,300,300
4直髪短槞,4ストレートショート.png,300,0,300,300

4直髪巻髪,4ストレートボブ.png,0,0,300,300
4直髪巻髪槞,4ストレートボブ.png,300,0,300,300

4外八巻髪,4外ハネボブ.png,0,0,300,300
4外八巻髪槞,4外ハネボブ.png,300,0,300,300

4卷髪巻髪,4ウェーブボブ.png,0,0,300,300
4卷髪巻髪槞,4ウェーブボブ.png,300,0,300,300

4自然巻髪,4ナチュラルボブ.png,0,0,300,300
4自然巻髪槞,4ナチュラルボブ.png,300,0,300,300

4巻髪侧盘頭,4ボブサイドシニヨン.png,0,0,300,300
4巻髪侧盘頭槞,4ボブサイドシニヨン.png,300,0,300,300

4卷髪短,4ウェーブショート.png,0,0,300,300
4卷髪短槞,4ウェーブショート.png,300,0,300,300

4外八短,4外ハネショート.png,0,0,300,300
4外八短槞,4外ハネショート.png,300,0,300,300

4自然短,4ナチュラルショート.png,0,0,300,300
4自然短槞,4ナチュラルショート.png,300,0,300,300

4液状後髪,4液状後髪.png,0,0,300,300
4液状後髪槞,4液状後髪.png,300,0,300,300
